abstraction,solved_count,avg_time,avg_program_len,rank_time_then_proglen
na,7,0.010282857142857144,1.0,1
nbvcg,10,4.2733171,1.4,2
lrg,15,6.2968106666666674,1.4666666666666666,3
ccg,16,39.5982316875,2.0,4
mcccg,15,55.69006306666667,1.4,5
nbccg,38,65.79156755263159,1.631578947368421,6
nbhcg,11,75.96147727272728,1.9090909090909092,7
ccgbr2,17,114.51815429411762,1.9411764705882353,8
ccgbr,16,223.8589563125,2.0625,9
