abstraction,solved_count,avg_program_len,avg_time,rank_proglen_then_time
na,7,1.0,0.010282857142857144,1
nbvcg,10,1.4,4.2733171,2
mcccg,15,1.4,55.69006306666667,3
lrg,15,1.4666666666666666,6.2968106666666674,4
nbccg,38,1.631578947368421,65.79156755263159,5
nbhcg,11,1.9090909090909092,75.96147727272728,6
ccgbr2,17,1.9411764705882353,114.51815429411762,7
ccg,16,2.0,39.5982316875,8
ccgbr,16,2.0625,223.8589563125,9
